filename,images,breed,parent_1,parent_2
mixed_breeds/sammypoo/sammypooimg.jpeg,sammypooimg.jpeg,sammypoo,samoyed,standard_poodle
mixed_breeds/sammypoo/sammypoo.jpeg,sammypoo.jpeg,sammypoo,samoyed,standard_poodle
mixed_breeds/sammypoo/poodle-samoyed-mix-dog.jpeg,poodle-samoyed-mix-dog.jpeg,sammypoo,samoyed,standard_poodle
"mixed_breeds/sammypoo/Samoyed Poodle mix (Sammypoo) Temperament, Size, Adoption, Lifespan.jpeg","Samoyed Poodle mix (Sammypoo) Temperament, Size, Adoption, Lifespan.jpeg",sammypoo,samoyed,standard_poodle
mixed_breeds/sammypoo/Sammypoo_1074_R.jpeg,Sammypoo_1074_R.jpeg,sammypoo,samoyed,standard_poodle
mixed_breeds/sammypoo/sammypoo-1.jpeg,sammypoo-1.jpeg,sammypoo,samoyed,standard_poodle
mixed_breeds/sammypoo/miniature-sammypoo.jpeg,miniature-sammypoo.jpeg,sammypoo,samoyed,standard_poodle
mixed_breeds/sammypoo/sammypoo_img.jpeg,sammypoo_img.jpeg,sammypoo,samoyed,standard_poodle
mixed_breeds/sammypoo/Samoyed-Poodle.png,Samoyed-Poodle.png,sammypoo,samoyed,standard_poodle
mixed_breeds/sammypoo/2eab2ae2736287bc93e3f5035115262a.jpeg,2eab2ae2736287bc93e3f5035115262a.jpeg,sammypoo,samoyed,standard_poodle
mixed_breeds/sammypoo/b5c847fece2d1dc720f2a31c030f06e8.jpeg,b5c847fece2d1dc720f2a31c030f06e8.jpeg,sammypoo,samoyed,standard_poodle
mixed_breeds/sammypoo/0de5b473b4cf77f1169b305e527acac0.jpeg,0de5b473b4cf77f1169b305e527acac0.jpeg,sammypoo,samoyed,standard_poodle
mixed_breeds/sammypoo/f2ec56fdba72849a35db9b8f5f27e376.jpeg,f2ec56fdba72849a35db9b8f5f27e376.jpeg,sammypoo,samoyed,standard_poodle
mixed_breeds/sammypoo/white-sammypoo-dog.jpeg,white-sammypoo-dog.jpeg,sammypoo,samoyed,standard_poodle
mixed_breeds/sammypoo/52571_thumbnail.jpeg,52571_thumbnail.jpeg,sammypoo,samoyed,standard_poodle
mixed_breeds/sammypoo/sammypoo-2.jpeg,sammypoo-2.jpeg,sammypoo,samoyed,standard_poodle
mixed_breeds/sammypoo/DWp_cz1XkAAeveq.jpeg,DWp_cz1XkAAeveq.jpeg,sammypoo,samoyed,standard_poodle
mixed_breeds/sammypoo/d2tm9l1-4fc2e151-023c-4484-b30a-f8ad42e11502.jpeg,d2tm9l1-4fc2e151-023c-4484-b30a-f8ad42e11502.jpeg,sammypoo,samoyed,standard_poodle
mixed_breeds/sammypoo/welovedoodles-kona-avatar.jpeg,welovedoodles-kona-avatar.jpeg,sammypoo,samoyed,standard_poodle
mixed_breeds/sammypoo/gfdusnsyqjc8p3wundge.jpeg,gfdusnsyqjc8p3wundge.jpeg,sammypoo,samoyed,standard_poodle
mixed_breeds/german_sheprador/german-sheprador-puppy-i1.jpeg,german-sheprador-puppy-i1.jpeg,german_sheprador,german_shepherd,labrador_retriever
mixed_breeds/german_sheprador/German-Sheprador-Puppies-For-Sale-600x600.jpeg,German-Sheprador-Puppies-For-Sale-600x600.jpeg,german_sheprador,german_shepherd,labrador_retriever
mixed_breeds/german_sheprador/German-Shepherd-Lab-Mix-2-370x463.jpeg,German-Shepherd-Lab-Mix-2-370x463.jpeg,german_sheprador,german_shepherd,labrador_retriever
mixed_breeds/german_sheprador/German-Shepherd-Lab-Mix-Your-Complete-German-Sheprador-Breed-Guide-p6h9stflsvw2wyrmhljd1nnr5knx2p7uk43lhkltps.jpeg,German-Shepherd-Lab-Mix-Your-Complete-German-Sheprador-Breed-Guide-p6h9stflsvw2wyrmhljd1nnr5knx2p7uk43lhkltps.jpeg,german_sheprador,german_shepherd,labrador_retriever
mixed_breeds/german_sheprador/GermanShepradorLabrashepherdGermanShepherdLabradorRetrieverHybridDogsDexter3YearsOld1.jpeg,GermanShepradorLabrashepherdGermanShepherdLabradorRetrieverHybridDogsDexter3YearsOld1.jpeg,german_sheprador,german_shepherd,labrador_retriever
mixed_breeds/german_sheprador/German-Sheprador-Photos.jpeg,German-Sheprador-Photos.jpeg,german_sheprador,german_shepherd,labrador_retriever
mixed_breeds/german_sheprador/german-shepherd-Lab-mix_Darling21_Shuttrstock.jpeg,german-shepherd-Lab-mix_Darling21_Shuttrstock.jpeg,german_sheprador,german_shepherd,labrador_retriever
mixed_breeds/german_sheprador/labrador-german-shepherd-mix_4.jpeg,labrador-german-shepherd-mix_4.jpeg,german_sheprador,german_shepherd,labrador_retriever
mixed_breeds/german_sheprador/Mixed-breed-dog-between-German-shepherd-and-Labrador-Retriever_Mickis-Fotowelt_Shutterstock.jpeg,Mixed-breed-dog-between-German-shepherd-and-Labrador-Retriever_Mickis-Fotowelt_Shutterstock.jpeg,german_sheprador,german_shepherd,labrador_retriever
mixed_breeds/german_sheprador/German-Shepherd-Lab-Mix-372x209.jpeg,German-Shepherd-Lab-Mix-372x209.jpeg,german_sheprador,german_shepherd,labrador_retriever
mixed_breeds/german_sheprador/GermanShepradorGermanShepherdLabradorRetrieverMixedBreedDogs6YearsOld.jpeg,GermanShepradorGermanShepherdLabradorRetrieverMixedBreedDogs6YearsOld.jpeg,german_sheprador,german_shepherd,labrador_retriever
mixed_breeds/german_sheprador/German-Sheprador.jpeg,German-Sheprador.jpeg,german_sheprador,german_shepherd,labrador_retriever
mixed_breeds/german_sheprador/GermanShepradorShepherdLabradorRetreivermixHybridDogMitch8YearsOld2.jpeg,GermanShepradorShepherdLabradorRetreivermixHybridDogMitch8YearsOld2.jpeg,german_sheprador,german_shepherd,labrador_retriever
mixed_breeds/german_sheprador/german-sheprador-mixed-dog-breed-pictures-2.jpeg,german-sheprador-mixed-dog-breed-pictures-2.jpeg,german_sheprador,german_shepherd,labrador_retriever
mixed_breeds/german_sheprador/Sheprador-German-Shepherd-Lab-Mix.png,Sheprador-German-Shepherd-Lab-Mix.png,german_sheprador,german_shepherd,labrador_retriever
mixed_breeds/german_sheprador/german-sheprador-mixed-dog-breed-pictures-cover.jpeg,german-sheprador-mixed-dog-breed-pictures-cover.jpeg,german_sheprador,german_shepherd,labrador_retriever
mixed_breeds/german_sheprador/666e076cce21fe21fd34b2ea040ec29c.jpeg,666e076cce21fe21fd34b2ea040ec29c.jpeg,german_sheprador,german_shepherd,labrador_retriever
mixed_breeds/german_sheprador/gsd-labrador.jpeg,gsd-labrador.jpeg,german_sheprador,german_shepherd,labrador_retriever
mixed_breeds/german_sheprador/shutterstock_1800617455.jpeg,shutterstock_1800617455.jpeg,german_sheprador,german_shepherd,labrador_retriever
mixed_breeds/german_sheprador/labradorgerman-shepherd-puppy-sat-watching-carefully-S2GF64.jpeg,labradorgerman-shepherd-puppy-sat-watching-carefully-S2GF64.jpeg,german_sheprador,german_shepherd,labrador_retriever
mixed_breeds/labany/f86e6008067367772158b23a4d4ec5c7.jpeg,f86e6008067367772158b23a4d4ec5c7.jpeg,labany,labrador_retriever,brittany_spaniel
mixed_breeds/labany/LabanyBrittanySpanielBlackLabMixCookiePuppy3Months.jpeg,LabanyBrittanySpanielBlackLabMixCookiePuppy3Months.jpeg,labany,labrador_retriever,brittany_spaniel
mixed_breeds/labany/LabanyBrittanySpanielBlackLabMixTank2YearsOld.jpeg,LabanyBrittanySpanielBlackLabMixTank2YearsOld.jpeg,labany,labrador_retriever,brittany_spaniel
mixed_breeds/labany/labany2.jpg,labany2.jpg,labany,labrador_retriever,brittany_spaniel
mixed_breeds/labany/labany3.jpeg,labany3.jpeg,labany,labrador_retriever,brittany_spaniel
mixed_breeds/labany/d91cebb967d04dcbd0fd5cb18d48b0fa.jpeg,d91cebb967d04dcbd0fd5cb18d48b0fa.jpeg,labany,labrador_retriever,brittany_spaniel
mixed_breeds/labany/Labany-1301322350.jpeg,Labany-1301322350.jpeg,labany,labrador_retriever,brittany_spaniel
mixed_breeds/labany/labany4.jpeg,labany4.jpeg,labany,labrador_retriever,brittany_spaniel
mixed_breeds/labany/96ae22e5f352d5dd_58299601_198x208.jpeg,96ae22e5f352d5dd_58299601_198x208.jpeg,labany,labrador_retriever,brittany_spaniel
mixed_breeds/labany/HybridBlackLabBrittanyPhoebe4.jpeg,HybridBlackLabBrittanyPhoebe4.jpeg,labany,labrador_retriever,brittany_spaniel
mixed_breeds/labany/838e47b4f16e6200_76996817_500x638.jpeg,838e47b4f16e6200_76996817_500x638.jpeg,labany,labrador_retriever,brittany_spaniel
mixed_breeds/labany/labany.jpeg,labany.jpeg,labany,labrador_retriever,brittany_spaniel
mixed_breeds/labany/ef05380745c511ca_57861732_640x480.jpeg,ef05380745c511ca_57861732_640x480.jpeg,labany,labrador_retriever,brittany_spaniel
mixed_breeds/labany/Labany-Dog-Breed-Information-All-You-Need-To-Know-211x150.jpeg,Labany-Dog-Breed-Information-All-You-Need-To-Know-211x150.jpeg,labany,labrador_retriever,brittany_spaniel
mixed_breeds/labany/Brown-White-Chocolate-Labrador-Retriever-Brittany-Spaniel-Mix_Adam-Tremel_shutterstock.jpeg,Brown-White-Chocolate-Labrador-Retriever-Brittany-Spaniel-Mix_Adam-Tremel_shutterstock.jpeg,labany,labrador_retriever,brittany_spaniel
mixed_breeds/labany/full-3669-148661-1pup_today.jpeg,full-3669-148661-1pup_today.jpeg,labany,labrador_retriever,brittany_spaniel
mixed_breeds/labany/8b75a07092162736_60535156_1544x1416.jpeg,8b75a07092162736_60535156_1544x1416.jpeg,labany,labrador_retriever,brittany_spaniel
mixed_breeds/labany/labany-1.jpeg,labany-1.jpeg,labany,labrador_retriever,brittany_spaniel
mixed_breeds/labany/7de8d51b7e7ff6d273a147e0e03211dc.jpeg,7de8d51b7e7ff6d273a147e0e03211dc.jpeg,labany,labrador_retriever,brittany_spaniel
mixed_breeds/labany/a81948f697d503e459df5b2cafae5702.jpeg,a81948f697d503e459df5b2cafae5702.jpeg,labany,labrador_retriever,brittany_spaniel
mixed_breeds/bogle/BoglePuppyDSCF1180.jpeg,BoglePuppyDSCF1180.jpeg,bogle,beagle,boxer
mixed_breeds/bogle/Boxer-Beagle-Mix-Puppy.jpeg,Boxer-Beagle-Mix-Puppy.jpeg,bogle,beagle,boxer
mixed_breeds/bogle/beagle-boxer-mix_10.jpeg,beagle-boxer-mix_10.jpeg,bogle,beagle,boxer
mixed_breeds/bogle/BogleBoxerBeagleHybridRusty5YearsOld.jpeg,BogleBoxerBeagleHybridRusty5YearsOld.jpeg,bogle,beagle,boxer
mixed_breeds/bogle/254b00f79d6e0a23dbdcb4ff02ab2066.jpeg,254b00f79d6e0a23dbdcb4ff02ab2066.jpeg,bogle,beagle,boxer
mixed_breeds/bogle/boggle-dog_5-274x300.jpeg,boggle-dog_5-274x300.jpeg,bogle,beagle,boxer
mixed_breeds/bogle/1622024156_2335_Bogle Puppy.jpeg,1622024156_2335_Bogle Puppy.jpeg,bogle,beagle,boxer
mixed_breeds/bogle/boxer-beagle-mix-appearance.jpeg,boxer-beagle-mix-appearance.jpeg,bogle,beagle,boxer
mixed_breeds/bogle/shutterstock_178619588.jpeg,shutterstock_178619588.jpeg,bogle,beagle,boxer
mixed_breeds/bogle/bogle-2.jpeg,bogle-2.jpeg,bogle,beagle,boxer
mixed_breeds/bogle/Beagle-Boxer.jpeg,Beagle-Boxer.jpeg,bogle,beagle,boxer
mixed_breeds/bogle/beagle-boxer-mix_5.jpeg,beagle-boxer-mix_5.jpeg,bogle,beagle,boxer
mixed_breeds/bogle/ed16cd897e84bf16_o_1br2nvkuf1k167prjs61833i7u_medium.jpeg,ed16cd897e84bf16_o_1br2nvkuf1k167prjs61833i7u_medium.jpeg,bogle,beagle,boxer
mixed_breeds/bogle/images_bogle.jpeg,images_bogle.jpeg,bogle,beagle,boxer
mixed_breeds/bogle/Boxer-Beagle-Mix-1.jpeg,Boxer-Beagle-Mix-1.jpeg,bogle,beagle,boxer
mixed_breeds/bogle/boggle-dog_7.jpeg,boggle-dog_7.jpeg,bogle,beagle,boxer
mixed_breeds/bogle/BogleDakotaPupBoxerBeagle1.jpeg,BogleDakotaPupBoxerBeagle1.jpeg,bogle,beagle,boxer
mixed_breeds/bogle/6ed4c9ca95dcdd92_42492331_960x720.jpeg,6ed4c9ca95dcdd92_42492331_960x720.jpeg,bogle,beagle,boxer
mixed_breeds/bogle/BogleReggieBoxerBeagleCuriousReggie.jpeg,BogleReggieBoxerBeagleCuriousReggie.jpeg,bogle,beagle,boxer
mixed_breeds/bogle/BogleBoxerBeagleHybridDogsPuppyChelsea8MonthsOld.jpeg,BogleBoxerBeagleHybridDogsPuppyChelsea8MonthsOld.jpeg,bogle,beagle,boxer
mixed_breeds/chorkie/chorkie-mixed-dog-breed-pictures-5.jpeg,chorkie-mixed-dog-breed-pictures-5.jpeg,chorkie,chihuahua,yorkshire_terrier
mixed_breeds/chorkie/Chorkies-are-sweet-dogs.jpeg,Chorkies-are-sweet-dogs.jpeg,chorkie,chihuahua,yorkshire_terrier
mixed_breeds/chorkie/Chorkie6.jpg,Chorkie6.jpg,chorkie,chihuahua,yorkshire_terrier
mixed_breeds/chorkie/chorkie-2.jpeg,chorkie-2.jpeg,chorkie,chihuahua,yorkshire_terrier
mixed_breeds/chorkie/chorkie-breed-1150x700.jpeg,chorkie-breed-1150x700.jpeg,chorkie,chihuahua,yorkshire_terrier
mixed_breeds/chorkie/chorkie.jpeg,chorkie.jpeg,chorkie,chihuahua,yorkshire_terrier
mixed_breeds/chorkie/Chorkie_Dog-1024x684.jpeg,Chorkie_Dog-1024x684.jpeg,chorkie,chihuahua,yorkshire_terrier
mixed_breeds/chorkie/chorkie7.jpeg,chorkie7.jpeg,chorkie,chihuahua,yorkshire_terrier
mixed_breeds/chorkie/ChorkieChihuahuaYorkshireTerrierHybridDogChico7MonthsPuppy.jpeg,ChorkieChihuahuaYorkshireTerrierHybridDogChico7MonthsPuppy.jpeg,chorkie,chihuahua,yorkshire_terrier
mixed_breeds/chorkie/Chorkie-puppy.jpeg,Chorkie-puppy.jpeg,chorkie,chihuahua,yorkshire_terrier
mixed_breeds/chorkie/chorkie8.jpeg,chorkie8.jpeg,chorkie,chihuahua,yorkshire_terrier
mixed_breeds/chorkie/Chorkie4.jpeg,Chorkie4.jpeg,chorkie,chihuahua,yorkshire_terrier
mixed_breeds/chorkie/chorkie-facts.jpeg,chorkie-facts.jpeg,chorkie,chihuahua,yorkshire_terrier
mixed_breeds/chorkie/The-Chorkie-A-Chihuahua-Yorkshire-Terrier-Breed-Mix-HP-long.jpeg,The-Chorkie-A-Chihuahua-Yorkshire-Terrier-Breed-Mix-HP-long.jpeg,chorkie,chihuahua,yorkshire_terrier
mixed_breeds/chorkie/chorkie5.jpeg,chorkie5.jpeg,chorkie,chihuahua,yorkshire_terrier
mixed_breeds/chorkie/chorkie2.jpeg,chorkie2.jpeg,chorkie,chihuahua,yorkshire_terrier
mixed_breeds/chorkie/chorkie-dog.jpeg,chorkie-dog.jpeg,chorkie,chihuahua,yorkshire_terrier
mixed_breeds/chorkie/chorkie-mixed-dog-breed-pictures-cover.jpeg,chorkie-mixed-dog-breed-pictures-cover.jpeg,chorkie,chihuahua,yorkshire_terrier
mixed_breeds/chorkie/6427b7cac315a55bbc70a3b3be47c450.jpeg,6427b7cac315a55bbc70a3b3be47c450.jpeg,chorkie,chihuahua,yorkshire_terrier
mixed_breeds/chorkie/Chorkie3.jpeg,Chorkie3.jpeg,chorkie,chihuahua,yorkshire_terrier
mixed_breeds/boxapoint/BoxapointPuppyButkusBoxerPointerMixDog3.jpeg,BoxapointPuppyButkusBoxerPointerMixDog3.jpeg,boxapoint,boxer,german_short-haired_pointer
mixed_breeds/boxapoint/c3f40939542a4b77_45033788_766x1280.jpeg,c3f40939542a4b77_45033788_766x1280.jpeg,boxapoint,boxer,german_short-haired_pointer
mixed_breeds/boxapoint/boxapoint_profile_350x400.jpeg,boxapoint_profile_350x400.jpeg,boxapoint,boxer,german_short-haired_pointer
mixed_breeds/boxapoint/Boxapoint-1312725524.jpeg,Boxapoint-1312725524.jpeg,boxapoint,boxer,german_short-haired_pointer
mixed_breeds/boxapoint/daz63vh-8a3deef4-de5d-4103-95c7-d16e8475ed4d.jpeg,daz63vh-8a3deef4-de5d-4103-95c7-d16e8475ed4d.jpeg,boxapoint,boxer,german_short-haired_pointer
mixed_breeds/boxapoint/7ab66004944c2ef371e4a61d1b511852.jpeg,7ab66004944c2ef371e4a61d1b511852.jpeg,boxapoint,boxer,german_short-haired_pointer
mixed_breeds/boxapoint/6b8cf228decb8688b9ad1c59419db196.jpeg,6b8cf228decb8688b9ad1c59419db196.jpeg,boxapoint,boxer,german_short-haired_pointer
mixed_breeds/boxapoint/BoxapointPuppyButkusBoxerPointerMixDog2.jpeg,BoxapointPuppyButkusBoxerPointerMixDog2.jpeg,boxapoint,boxer,german_short-haired_pointer
mixed_breeds/boxapoint/e7c56a3e72f2c6c1_78943907_500x375.jpeg,e7c56a3e72f2c6c1_78943907_500x375.jpeg,boxapoint,boxer,german_short-haired_pointer
mixed_breeds/boxapoint/BoxapointBoxerGermanShorthairedPointerHybridDogsRoxanneRoxyPuppy3Months3.jpeg,BoxapointBoxerGermanShorthairedPointerHybridDogsRoxanneRoxyPuppy3Months3.jpeg,boxapoint,boxer,german_short-haired_pointer
mixed_breeds/boxapoint/German-Shorthaired-Pointer-Boxer.jpeg,German-Shorthaired-Pointer-Boxer.jpeg,boxapoint,boxer,german_short-haired_pointer
mixed_breeds/boxapoint/BoxapointCharlotte2HalfYearsHybridDogBoxerPointer2.jpeg,BoxapointCharlotte2HalfYearsHybridDogBoxerPointer2.jpeg,boxapoint,boxer,german_short-haired_pointer
mixed_breeds/boxapoint/BoxapointBoxerGermanShorthairedPointerHybridDogsRoxanneRoxyPuppy3Months1.jpeg,BoxapointBoxerGermanShorthairedPointerHybridDogsRoxanneRoxyPuppy3Months1.jpeg,boxapoint,boxer,german_short-haired_pointer
mixed_breeds/boxapoint/bristol_sitting_01___boxapoint_by_alyeska907_daz64hg-350t.jpeg,bristol_sitting_01___boxapoint_by_alyeska907_daz64hg-350t.jpeg,boxapoint,boxer,german_short-haired_pointer
mixed_breeds/boxapoint/71e3a65d94a159e74a831f0b3a213052.jpeg,71e3a65d94a159e74a831f0b3a213052.jpeg,boxapoint,boxer,german_short-haired_pointer
mixed_breeds/boxapoint/9d492e92a00432fc_46299632_1338x1232.jpeg,9d492e92a00432fc_46299632_1338x1232.jpeg,boxapoint,boxer,german_short-haired_pointer
mixed_breeds/boxapoint/EP01CzlWkAACvbJ.jpeg,EP01CzlWkAACvbJ.jpeg,boxapoint,boxer,german_short-haired_pointer
mixed_breeds/boxapoint/8653bd091c97b7a47d29ce8f0053636f.jpeg,8653bd091c97b7a47d29ce8f0053636f.jpeg,boxapoint,boxer,german_short-haired_pointer
mixed_breeds/boxapoint/BoxapointCharlotte2HalfYearsHybridDogBoxerPointer5.jpeg,BoxapointCharlotte2HalfYearsHybridDogBoxerPointer5.jpeg,boxapoint,boxer,german_short-haired_pointer
mixed_breeds/boxapoint/Boxapoint-mixed-breed-dog.jpeg,Boxapoint-mixed-breed-dog.jpeg,boxapoint,boxer,german_short-haired_pointer
mixed_breeds/goldenmute/alaskan-malamute-x-golden-retriever-puppies-547b504a6d0dc.jpg,alaskan-malamute-x-golden-retriever-puppies-547b504a6d0dc.jpg,goldenmute,malamute,golden_retriever
mixed_breeds/goldenmute/Alaskan-Goldenmute-Dog-Breed-Information-–-All-You-Need-to-Know-169x300.jpeg,Alaskan-Goldenmute-Dog-Breed-Information-–-All-You-Need-to-Know-169x300.jpeg,goldenmute,malamute,golden_retriever
mixed_breeds/goldenmute/goldenmute.jpeg,goldenmute.jpeg,goldenmute,malamute,golden_retriever
mixed_breeds/goldenmute/od5fqxqglv341.jpeg,od5fqxqglv341.jpeg,goldenmute,malamute,golden_retriever
mixed_breeds/goldenmute/alaskan-malamute-x-golden-retriever-puppy-5bc46d56807a5.jpeg,alaskan-malamute-x-golden-retriever-puppy-5bc46d56807a5.jpeg,goldenmute,malamute,golden_retriever
mixed_breeds/goldenmute/d3685c720ca500bb34d570fd616adac5.jpeg,d3685c720ca500bb34d570fd616adac5.jpeg,goldenmute,malamute,golden_retriever
mixed_breeds/goldenmute/vztexs1pldfnunwfingq.jpeg,vztexs1pldfnunwfingq.jpeg,goldenmute,malamute,golden_retriever
mixed_breeds/goldenmute/Alaskan-Goldenmute.jpeg,Alaskan-Goldenmute.jpeg,goldenmute,malamute,golden_retriever
mixed_breeds/goldenmute/AlaskanGoldenmuteAlaskanMalamuteGoldenRetrieverHybridDogsMocha1.jpeg,AlaskanGoldenmuteAlaskanMalamuteGoldenRetrieverHybridDogsMocha1.jpeg,goldenmute,malamute,golden_retriever
mixed_breeds/goldenmute/ciwSaghKfG3cvUrFeuZfPJL491fOp74XcOBKT2aB5Ak.jpeg,ciwSaghKfG3cvUrFeuZfPJL491fOp74XcOBKT2aB5Ak.jpeg,goldenmute,malamute,golden_retriever
mixed_breeds/goldenmute/51f8f97daacc0bc3_42794605_640x480.jpeg,51f8f97daacc0bc3_42794605_640x480.jpeg,goldenmute,malamute,golden_retriever
mixed_breeds/goldenmute/gbq4beydv6dmfzqnb0pq.jpeg,gbq4beydv6dmfzqnb0pq.jpeg,goldenmute,malamute,golden_retriever
mixed_breeds/goldenmute/AlaskanGoldenmuteAlaskanMalamuteGoldenRetrieverHybridDogsMocha2.jpeg,AlaskanGoldenmuteAlaskanMalamuteGoldenRetrieverHybridDogsMocha2.jpeg,goldenmute,malamute,golden_retriever
mixed_breeds/goldenmute/alaskan-goldenmute-780x780.jpeg,alaskan-goldenmute-780x780.jpeg,goldenmute,malamute,golden_retriever
mixed_breeds/goldenmute/ga7tcbq833i41.jpeg,ga7tcbq833i41.jpeg,goldenmute,malamute,golden_retriever
mixed_breeds/goldenmute/AlaskanGoldenmuteAlaskanMalamuteGoldenRetrieverHybridDogsMocha3.jpeg,AlaskanGoldenmuteAlaskanMalamuteGoldenRetrieverHybridDogsMocha3.jpeg,goldenmute,malamute,golden_retriever
mixed_breeds/goldenmute/imagesgoldenmute.jpeg,imagesgoldenmute.jpeg,goldenmute,malamute,golden_retriever
mixed_breeds/goldenmute/AlaskanGoldenmuteAlaskanMalamuteGoldenRetrieverHybridDogsMocha4.jpeg,AlaskanGoldenmuteAlaskanMalamuteGoldenRetrieverHybridDogsMocha4.jpeg,goldenmute,malamute,golden_retriever
mixed_breeds/goldenmute/alaskan-malamute-cross-golden-retriever-gorgeous-fluffydog-wolf-nature-goldenretriever-55085927.jpeg,alaskan-malamute-cross-golden-retriever-gorgeous-fluffydog-wolf-nature-goldenretriever-55085927.jpeg,goldenmute,malamute,golden_retriever
mixed_breeds/goldenmute/AlaskanGoldenmuteAlaskanMalamuteGoldenRetrieverHybridDogsMocha5.jpeg,AlaskanGoldenmuteAlaskanMalamuteGoldenRetrieverHybridDogsMocha5.jpeg,goldenmute,malamute,golden_retriever
mixed_breeds/weimarrot/Weimarrott_14543_R.jpeg,Weimarrott_14543_R.jpeg,weimarrot,weimaraner,rottweiler
mixed_breeds/weimarrot/weimaraner-rottweiler-mix.jpeg,weimaraner-rottweiler-mix.jpeg,weimarrot,weimaraner,rottweiler
mixed_breeds/weimarrot/3853251084_34efa398be_b.jpeg,3853251084_34efa398be_b.jpeg,weimarrot,weimaraner,rottweiler
mixed_breeds/weimarrot/2953087706_bddd29868f_b.jpeg,2953087706_bddd29868f_b.jpeg,weimarrot,weimaraner,rottweiler
mixed_breeds/weimarrot/0aca8432808cdbcd61aebcc31767893f.jpeg,0aca8432808cdbcd61aebcc31767893f.jpeg,weimarrot,weimaraner,rottweiler
mixed_breeds/weimarrot/3853251708_13c655e69d_b.jpeg,3853251708_13c655e69d_b.jpeg,weimarrot,weimaraner,rottweiler
mixed_breeds/weimarrot/3887015313_9a1e830ff8_b.jpeg,3887015313_9a1e830ff8_b.jpeg,weimarrot,weimaraner,rottweiler
mixed_breeds/weimarrot/3853249458_3eedc054b1_n.jpeg,3853249458_3eedc054b1_n.jpeg,weimarrot,weimaraner,rottweiler
mixed_breeds/weimarrot/Weimarrott_7588_R.jpeg,Weimarrott_7588_R.jpeg,weimarrot,weimaraner,rottweiler
mixed_breeds/weimarrot/0ed8c680a47965bf8f60539ce18d4dc1.jpeg,0ed8c680a47965bf8f60539ce18d4dc1.jpeg,weimarrot,weimaraner,rottweiler
mixed_breeds/weimarrot/3853249458_3eedc054b1_b.jpeg,3853249458_3eedc054b1_b.jpeg,weimarrot,weimaraner,rottweiler
mixed_breeds/weimarrot/Weimarrott_7586_R.jpeg,Weimarrott_7586_R.jpeg,weimarrot,weimaraner,rottweiler
mixed_breeds/weimarrot/736296c6a95f9a9d877274e4dba1a7ae.jpeg,736296c6a95f9a9d877274e4dba1a7ae.jpeg,weimarrot,weimaraner,rottweiler
mixed_breeds/weimarrot/3887818258_9f575ae044_b.jpeg,3887818258_9f575ae044_b.jpeg,weimarrot,weimaraner,rottweiler
mixed_breeds/weimarrot/2ddee1013527e17ffa2308977c721cad.jpeg,2ddee1013527e17ffa2308977c721cad.jpeg,weimarrot,weimaraner,rottweiler
mixed_breeds/weimarrot/Weimarrott_15856_R.jpeg,Weimarrott_15856_R.jpeg,weimarrot,weimaraner,rottweiler
mixed_breeds/weimarrot/Weimarrott.jpeg,Weimarrott.jpeg,weimarrot,weimaraner,rottweiler
mixed_breeds/weimarrot/Weimarrott_14554_R.jpeg,Weimarrott_14554_R.jpeg,weimarrot,weimaraner,rottweiler
mixed_breeds/weimarrot/3853252682_7fa010315e_b.jpeg,3853252682_7fa010315e_b.jpeg,weimarrot,weimaraner,rottweiler
mixed_breeds/weimarrot/3852462007_fa1b9bac55_b.jpeg,3852462007_fa1b9bac55_b.jpeg,weimarrot,weimaraner,rottweiler
mixed_breeds/golden_labrador/Goldador-The-Labrador-Golden-Retriever-Mix-LS-long2.jpeg,Goldador-The-Labrador-Golden-Retriever-Mix-LS-long2.jpeg,golden_labrador,golden_retriever,labrador_retriever
mixed_breeds/golden_labrador/Golden-Retriever-Lab-mix-at-Dog-Park.jpeg,Golden-Retriever-Lab-mix-at-Dog-Park.jpeg,golden_labrador,golden_retriever,labrador_retriever
mixed_breeds/golden_labrador/face-6.jpeg,face-6.jpeg,golden_labrador,golden_retriever,labrador_retriever
mixed_breeds/golden_labrador/file_23214_goldador-460x290.jpeg,file_23214_goldador-460x290.jpeg,golden_labrador,golden_retriever,labrador_retriever
mixed_breeds/golden_labrador/Lexi-14.jpeg,Lexi-14.jpeg,golden_labrador,golden_retriever,labrador_retriever
mixed_breeds/golden_labrador/golden-retriever-labrador-mix-puppies-for-sale-in-florida-1.jpeg,golden-retriever-labrador-mix-puppies-for-sale-in-florida-1.jpeg,golden_labrador,golden_retriever,labrador_retriever
mixed_breeds/golden_labrador/Goldador-Dog.jpeg,Goldador-Dog.jpeg,golden_labrador,golden_retriever,labrador_retriever
mixed_breeds/golden_labrador/golden-retriever-labrador-retriever-mix.webp,golden-retriever-labrador-retriever-mix.webp,golden_labrador,golden_retriever,labrador_retriever
mixed_breeds/golden_labrador/91f2164fde5803a5e0776937b987a26c.jpeg,91f2164fde5803a5e0776937b987a26c.jpeg,golden_labrador,golden_retriever,labrador_retriever
mixed_breeds/golden_labrador/Goldador-Golden-Retriever-Labrador-Mix-1200x900.jpeg,Goldador-Golden-Retriever-Labrador-Mix-1200x900.jpeg,golden_labrador,golden_retriever,labrador_retriever
mixed_breeds/golden_labrador/Goldador-372x247.jpeg,Goldador-372x247.jpeg,golden_labrador,golden_retriever,labrador_retriever
mixed_breeds/golden_labrador/goldador.jpeg,goldador.jpeg,golden_labrador,golden_retriever,labrador_retriever
mixed_breeds/golden_labrador/goldador2.jpeg,goldador2.jpeg,golden_labrador,golden_retriever,labrador_retriever
mixed_breeds/golden_labrador/661bfbf976b47457a4b2b73aae4a6628.jpeg,661bfbf976b47457a4b2b73aae4a6628.jpeg,golden_labrador,golden_retriever,labrador_retriever
mixed_breeds/golden_labrador/golden-retriever-labrador-mix-puppies-for-sale.jpeg,golden-retriever-labrador-mix-puppies-for-sale.jpeg,golden_labrador,golden_retriever,labrador_retriever
mixed_breeds/golden_labrador/Goldador-The-Labrador-Golden-Retriever-Mix-LS-long.jpeg,Goldador-The-Labrador-Golden-Retriever-Mix-LS-long.jpeg,golden_labrador,golden_retriever,labrador_retriever
mixed_breeds/golden_labrador/Finding-a-Golden-Retriever-Lab-Mix-1.jpeg,Finding-a-Golden-Retriever-Lab-Mix-1.jpeg,golden_labrador,golden_retriever,labrador_retriever
mixed_breeds/golden_labrador/Goldador-Labrottie.jpeg,Goldador-Labrottie.jpeg,golden_labrador,golden_retriever,labrador_retriever
mixed_breeds/golden_labrador/Golden-Retriever-Labrador-Mix.jpeg,Golden-Retriever-Labrador-Mix.jpeg,golden_labrador,golden_retriever,labrador_retriever
mixed_breeds/golden_labrador/goldador3.jpeg,goldador3.jpeg,golden_labrador,golden_retriever,labrador_retriever
mixed_breeds/germanees/Great-Pyrenees-German-Shepherd-Mix.jpeg,Great-Pyrenees-German-Shepherd-Mix.jpeg,germanees,german_shepherd,great_pyrenees
mixed_breeds/germanees/Shepnees-puppy.jpeg,Shepnees-puppy.jpeg,germanees,german_shepherd,great_pyrenees
mixed_breeds/germanees/germanees.jpeg,germanees.jpeg,germanees,german_shepherd,great_pyrenees
mixed_breeds/germanees/Shepnees.jpeg,Shepnees.jpeg,germanees,german_shepherd,great_pyrenees
mixed_breeds/germanees/German-Shepherd-Great-Pyrenees-Mix.jpeg,German-Shepherd-Great-Pyrenees-Mix.jpeg,germanees,german_shepherd,great_pyrenees
mixed_breeds/germanees/Shepnees-needing-groomed.jpeg,Shepnees-needing-groomed.jpeg,germanees,german_shepherd,great_pyrenees
mixed_breeds/germanees/adorable-germanees-laying-on-grass-lawn-780x780.jpeg,adorable-germanees-laying-on-grass-lawn-780x780.jpeg,germanees,german_shepherd,great_pyrenees
mixed_breeds/germanees/German-Shepherd-Pyrenees-mix-laying-down.jpeg,German-Shepherd-Pyrenees-mix-laying-down.jpeg,germanees,german_shepherd,great_pyrenees
mixed_breeds/germanees/shep-py-standing-near-a-lake-780x571.jpeg,shep-py-standing-near-a-lake-780x571.jpeg,germanees,german_shepherd,great_pyrenees
mixed_breeds/germanees/smiling-great-pyrenees-german-shepherd-mix-780x576.jpeg,smiling-great-pyrenees-german-shepherd-mix-780x576.jpeg,germanees,german_shepherd,great_pyrenees
mixed_breeds/germanees/Germanees-Dog-Breed-Information-All-You-Need-To-Know-680x350.jpeg,Germanees-Dog-Breed-Information-All-You-Need-To-Know-680x350.jpeg,germanees,german_shepherd,great_pyrenees
mixed_breeds/germanees/German-Shepherd-Great-Pyrenees-Mix-2021.jpeg,German-Shepherd-Great-Pyrenees-Mix-2021.jpeg,germanees,german_shepherd,great_pyrenees
mixed_breeds/germanees/Shepnees-Laying-in-Grass.jpeg,Shepnees-Laying-in-Grass.jpeg,germanees,german_shepherd,great_pyrenees
mixed_breeds/germanees/Pyrenees-Mix.jpeg,Pyrenees-Mix.jpeg,germanees,german_shepherd,great_pyrenees
mixed_breeds/germanees/lsumaqy9t3521.jpeg,lsumaqy9t3521.jpeg,germanees,german_shepherd,great_pyrenees
mixed_breeds/germanees/German-Shepherd-Mixed-With-Pyrenees.jpeg,German-Shepherd-Mixed-With-Pyrenees.jpeg,germanees,german_shepherd,great_pyrenees
mixed_breeds/germanees/Shepnees-Waiting-For-Food.jpeg,Shepnees-Waiting-For-Food.jpeg,germanees,german_shepherd,great_pyrenees
mixed_breeds/germanees/Greaty-Pyrenees-German-Shepherd-mix-in-snow.jpeg,Greaty-Pyrenees-German-Shepherd-mix-in-snow.jpeg,germanees,german_shepherd,great_pyrenees
mixed_breeds/germanees/Germanees2.jpeg,Germanees2.jpeg,germanees,german_shepherd,great_pyrenees
mixed_breeds/germanees/Shepnees-in-Training.jpeg,Shepnees-in-Training.jpeg,germanees,german_shepherd,great_pyrenees
mixed_breeds/golden_cocker_retriever/de27749a1e6a2b1296cad998095cf852.jpeg,de27749a1e6a2b1296cad998095cf852.jpeg,golden_cocker_retriever,cocker_spaniel,golden_retriever
mixed_breeds/golden_cocker_retriever/cocker_retriever.jpeg,cocker_retriever.jpeg,golden_cocker_retriever,cocker_spaniel,golden_retriever
mixed_breeds/golden_cocker_retriever/golden-cocker-retriever-mix-dog-1024x930.jpeg,golden-cocker-retriever-mix-dog-1024x930.jpeg,golden_cocker_retriever,cocker_spaniel,golden_retriever
mixed_breeds/golden_cocker_retriever/Golden-Cocker-Retriever-2-809x1011.jpeg,Golden-Cocker-Retriever-2-809x1011.jpeg,golden_cocker_retriever,cocker_spaniel,golden_retriever
mixed_breeds/golden_cocker_retriever/Golden-Cocker-Retriever-Face.jpeg,Golden-Cocker-Retriever-Face.jpeg,golden_cocker_retriever,cocker_spaniel,golden_retriever
mixed_breeds/golden_cocker_retriever/4cbf4815dba557a0_257_image1_medium.jpeg,4cbf4815dba557a0_257_image1_medium.jpeg,golden_cocker_retriever,cocker_spaniel,golden_retriever
mixed_breeds/golden_cocker_retriever/4f53a75dd2610e31127822e8f6df9235.jpeg,4f53a75dd2610e31127822e8f6df9235.jpeg,golden_cocker_retriever,cocker_spaniel,golden_retriever
mixed_breeds/golden_cocker_retriever/Cogol-Dog.jpeg,Cogol-Dog.jpeg,golden_cocker_retriever,cocker_spaniel,golden_retriever
mixed_breeds/golden_cocker_retriever/golden-cocker-retriever_img.jpeg,golden-cocker-retriever_img.jpeg,golden_cocker_retriever,cocker_spaniel,golden_retriever
mixed_breeds/golden_cocker_retriever/golden-cocker-retriever-puppy.jpeg,golden-cocker-retriever-puppy.jpeg,golden_cocker_retriever,cocker_spaniel,golden_retriever
mixed_breeds/golden_cocker_retriever/golden_cocker.jpeg,golden_cocker.jpeg,golden_cocker_retriever,cocker_spaniel,golden_retriever
mixed_breeds/golden_cocker_retriever/81301409c7053d273711c4c96f2b0800.jpeg,81301409c7053d273711c4c96f2b0800.jpeg,golden_cocker_retriever,cocker_spaniel,golden_retriever
mixed_breeds/golden_cocker_retriever/Golden-Cocker-Retriever-4.jpeg,Golden-Cocker-Retriever-4.jpeg,golden_cocker_retriever,cocker_spaniel,golden_retriever
mixed_breeds/golden_cocker_retriever/Golden-Retriever-Cocker-Spaniel-Mix-900x500.jpeg,Golden-Retriever-Cocker-Spaniel-Mix-900x500.jpeg,golden_cocker_retriever,cocker_spaniel,golden_retriever
mixed_breeds/golden_cocker_retriever/Golden-Cocker-Retriever-e1483772598174.jpeg,Golden-Cocker-Retriever-e1483772598174.jpeg,golden_cocker_retriever,cocker_spaniel,golden_retriever
mixed_breeds/golden_cocker_retriever/Golden-Cocker-Retriever-Mix-1200x1600.jpeg,Golden-Cocker-Retriever-Mix-1200x1600.jpeg,golden_cocker_retriever,cocker_spaniel,golden_retriever
mixed_breeds/golden_cocker_retriever/Golden-Cocker-Retreiver-1-809x940.jpeg,Golden-Cocker-Retreiver-1-809x940.jpeg,golden_cocker_retriever,cocker_spaniel,golden_retriever
"mixed_breeds/golden_cocker_retriever/Golden Retriever Cocker Spaniel Mix Temperament, Size, Lifespan, Adoption, Price.jpeg","Golden Retriever Cocker Spaniel Mix Temperament, Size, Lifespan, Adoption, Price.jpeg",golden_cocker_retriever,cocker_spaniel,golden_retriever
mixed_breeds/golden_cocker_retriever/golden-cocker-retriever-mix.jpeg,golden-cocker-retriever-mix.jpeg,golden_cocker_retriever,cocker_spaniel,golden_retriever
mixed_breeds/golden_cocker_retriever/Golden-Cocker-Retriever.jpeg,Golden-Cocker-Retriever.jpeg,golden_cocker_retriever,cocker_spaniel,golden_retriever
mixed_breeds/bassugg/bassugg-1.jpeg,bassugg-1.jpeg,bassugg,basset,pug
mixed_breeds/bassugg/Bassugg-Puppy.jpeg,Bassugg-Puppy.jpeg,bassugg,basset,pug
mixed_breeds/bassugg/2321aec434d5d5a1_59457102_4032x3024.jpeg,2321aec434d5d5a1_59457102_4032x3024.jpeg,bassugg,basset,pug
mixed_breeds/bassugg/aa3475053da8b5e3_59574430_2160x1440.jpeg,aa3475053da8b5e3_59574430_2160x1440.jpeg,bassugg,basset,pug
mixed_breeds/bassugg/1621410254_8654_Basset Hound Pug Mix Dog.jpeg,1621410254_8654_Basset Hound Pug Mix Dog.jpeg,bassugg,basset,pug
mixed_breeds/bassugg/BassuggPosterPugglehound7HalfWeeks.jpeg,BassuggPosterPugglehound7HalfWeeks.jpeg,bassugg,basset,pug
mixed_breeds/bassugg/bffcfb9dc8a09aeb_67137782_500x500.jpeg,bffcfb9dc8a09aeb_67137782_500x500.jpeg,bassugg,basset,pug
mixed_breeds/bassugg/Basset-Hound-Pug-Mix-Dog.jpeg,Basset-Hound-Pug-Mix-Dog.jpeg,bassugg,basset,pug
mixed_breeds/bassugg/1621410254_3916_Basset Hound Pug Mix Pictures.jpeg,1621410254_3916_Basset Hound Pug Mix Pictures.jpeg,bassugg,basset,pug
mixed_breeds/bassugg/1355559465_Bassugg-with-his-owner.jpeg,1355559465_Bassugg-with-his-owner.jpeg,bassugg,basset,pug
mixed_breeds/bassugg/1ace19ba77d56649c8ec1bef10e0df64--basset-hound-mix-gilbert-osullivan.jpeg,1ace19ba77d56649c8ec1bef10e0df64--basset-hound-mix-gilbert-osullivan.jpeg,bassugg,basset,pug
mixed_breeds/bassugg/bassug-dog-S2WPXH.jpeg,bassug-dog-S2WPXH.jpeg,bassugg,basset,pug
mixed_breeds/bassugg/BassuggTVActorRonLivingstonprecommercialShoot.jpeg,BassuggTVActorRonLivingstonprecommercialShoot.jpeg,bassugg,basset,pug
mixed_breeds/bassugg/1352322526_Bassugg.jpeg,1352322526_Bassugg.jpeg,bassugg,basset,pug
mixed_breeds/bassugg/1251f7707321084ad6dfb1b83e101ea8.jpeg,1251f7707321084ad6dfb1b83e101ea8.jpeg,bassugg,basset,pug
mixed_breeds/bassugg/73111c474b95dc2f52486fec7a5e2ade.jpeg,73111c474b95dc2f52486fec7a5e2ade.jpeg,bassugg,basset,pug
mixed_breeds/bassugg/BassuggPugBassetSadiehammingit.jpeg,BassuggPugBassetSadiehammingit.jpeg,bassugg,basset,pug
mixed_breeds/bassugg/bassugg-dog-S2WPXK.jpeg,bassugg-dog-S2WPXK.jpeg,bassugg,basset,pug
mixed_breeds/bassugg/BassuggPugglehoundPuggletownPuggles4weeks.jpeg,BassuggPugglehoundPuggletownPuggles4weeks.jpeg,bassugg,basset,pug
mixed_breeds/bassugg/Basset-Hound-Pug-Mix-Puppy.jpeg,Basset-Hound-Pug-Mix-Puppy.jpeg,bassugg,basset,pug
mixed_breeds/bocker/5vzrpus3z9r41.jpeg,5vzrpus3z9r41.jpeg,bocker,beagle,cocker_spaniel
mixed_breeds/bocker/BockerOdie6YearsBeagleCockerMix.jpeg,BockerOdie6YearsBeagleCockerMix.jpeg,bocker,beagle,cocker_spaniel
mixed_breeds/bocker/BockerMaxieBeagleCockerMix3HaflMonths.jpeg,BockerMaxieBeagleCockerMix3HaflMonths.jpeg,bocker,beagle,cocker_spaniel
mixed_breeds/bocker/1622015902_9838_Bocker Puppies.jpeg,1622015902_9838_Bocker Puppies.jpeg,bocker,beagle,cocker_spaniel
mixed_breeds/bocker/afff6f120b699163_65216546_2048x1401.jpeg,afff6f120b699163_65216546_2048x1401.jpeg,bocker,beagle,cocker_spaniel
mixed_breeds/bocker/bocker-mixed-dog-breed-pictures-1.jpeg,bocker-mixed-dog-breed-pictures-1.jpeg,bocker,beagle,cocker_spaniel
mixed_breeds/bocker/Beagle-Cocker-Spaniel-Mix.jpeg,Beagle-Cocker-Spaniel-Mix.jpeg,bocker,beagle,cocker_spaniel
mixed_breeds/bocker/0d5e5419e06fe224a6362d41a6ea7183.jpeg,0d5e5419e06fe224a6362d41a6ea7183.jpeg,bocker,beagle,cocker_spaniel
mixed_breeds/bocker/bocker_img.jpeg,bocker_img.jpeg,bocker,beagle,cocker_spaniel
mixed_breeds/bocker/1622015902_7811_Bocker Dog.jpeg,1622015902_7811_Bocker Dog.jpeg,bocker,beagle,cocker_spaniel
mixed_breeds/bocker/img_bocker.jpeg,img_bocker.jpeg,bocker,beagle,cocker_spaniel
mixed_breeds/bocker/bocker-mixed-dog-breed-pictures-cover.jpeg,bocker-mixed-dog-breed-pictures-cover.jpeg,bocker,beagle,cocker_spaniel
mixed_breeds/bocker/bocker-dog-i2-sz3.jpeg,bocker-dog-i2-sz3.jpeg,bocker,beagle,cocker_spaniel
mixed_breeds/bocker/beagle-cocker-bocker-dog-sky-wall-tongue-canine-S23HD6.jpeg,beagle-cocker-bocker-dog-sky-wall-tongue-canine-S23HD6.jpeg,bocker,beagle,cocker_spaniel
mixed_breeds/bocker/1622015902_2206_Female Bocker.jpeg,1622015902_2206_Female Bocker.jpeg,bocker,beagle,cocker_spaniel
mixed_breeds/bocker/bocker-2.jpeg,bocker-2.jpeg,bocker,beagle,cocker_spaniel
mixed_breeds/bocker/bockerimg.jpeg,bockerimg.jpeg,bocker,beagle,cocker_spaniel
mixed_breeds/bocker/bocker-puppy-i1-sz6.jpeg,bocker-puppy-i1-sz6.jpeg,bocker,beagle,cocker_spaniel
mixed_breeds/bocker/beagle-cocker-spaniel-mix_suki-1024x1024.jpeg,beagle-cocker-spaniel-mix_suki-1024x1024.jpeg,bocker,beagle,cocker_spaniel
mixed_breeds/bocker/68f575c45b5b5de1491d4f48d7633052.jpeg,68f575c45b5b5de1491d4f48d7633052.jpeg,bocker,beagle,cocker_spaniel
mixed_breeds/borador/Healthy-Borador-Outside.jpeg,Healthy-Borador-Outside.jpeg,borador,border_collie,labrador_retriever
mixed_breeds/borador/Borador-Puppy-Pictures.jpeg,Borador-Puppy-Pictures.jpeg,borador,border_collie,labrador_retriever
mixed_breeds/borador/2aa4651c0ac005a544ed7cbb57867c0f.jpeg,2aa4651c0ac005a544ed7cbb57867c0f.jpeg,borador,border_collie,labrador_retriever
mixed_breeds/borador/Borador-600x600.jpeg,Borador-600x600.jpeg,borador,border_collie,labrador_retriever
mixed_breeds/borador/Black-and-White-Borador-1-1280x720.jpeg,Black-and-White-Borador-1-1280x720.jpeg,borador,border_collie,labrador_retriever
mixed_breeds/borador/Border-Collie-Lab-Mix-LS-long.jpeg,Border-Collie-Lab-Mix-LS-long.jpeg,borador,border_collie,labrador_retriever
mixed_breeds/borador/Borador-1.jpeg,Borador-1.jpeg,borador,border_collie,labrador_retriever
mixed_breeds/borador/LTHQ-218-feat.jpeg,LTHQ-218-feat.jpeg,borador,border_collie,labrador_retriever
mixed_breeds/borador/Borador-Dog-Photo.jpeg,Borador-Dog-Photo.jpeg,borador,border_collie,labrador_retriever
mixed_breeds/borador/CROSSBREED Hero_0011_borador.jpeg,CROSSBREED Hero_0011_borador.jpeg,borador,border_collie,labrador_retriever
mixed_breeds/borador/borador3.jpeg,borador3.jpeg,borador,border_collie,labrador_retriever
mixed_breeds/borador/borador2.jpeg,borador2.jpeg,borador,border_collie,labrador_retriever
mixed_breeds/borador/border-collie-mix-lab.jpeg,border-collie-mix-lab.jpeg,borador,border_collie,labrador_retriever
mixed_breeds/borador/borador5.jpeg,borador5.jpeg,borador,border_collie,labrador_retriever
mixed_breeds/borador/borador-i1-sz6.jpeg,borador-i1-sz6.jpeg,borador,border_collie,labrador_retriever
mixed_breeds/borador/Borador-dog2.jpeg,Borador-dog2.jpeg,borador,border_collie,labrador_retriever
mixed_breeds/borador/borador4.jpeg,borador4.jpeg,borador,border_collie,labrador_retriever
mixed_breeds/borador/borador.jpeg,borador.jpeg,borador,border_collie,labrador_retriever
mixed_breeds/borador/BoradorBorderCollieLabradorRetrieverSpirt10YearsOld.jpeg,BoradorBorderCollieLabradorRetrieverSpirt10YearsOld.jpeg,borador,border_collie,labrador_retriever
mixed_breeds/borador/borador-dog.jpeg,borador-dog.jpeg,borador,border_collie,labrador_retriever
mixed_breeds/basset_retriever/basset-hound-golden-retriever-dog-mix-4.jpeg,basset-hound-golden-retriever-dog-mix-4.jpeg,basset_retriever,basset,golden_retriever
mixed_breeds/basset_retriever/Basset-Retriever_RHQaNLg.jpeg,Basset-Retriever_RHQaNLg.jpeg,basset_retriever,basset,golden_retriever
mixed_breeds/basset_retriever/basset-retriever-1.jpeg,basset-retriever-1.jpeg,basset_retriever,basset,golden_retriever
mixed_breeds/basset_retriever/BassetRetrieverHuppiePhilippines.jpeg,BassetRetrieverHuppiePhilippines.jpeg,basset_retriever,basset,golden_retriever
mixed_breeds/basset_retriever/basset-retriever-image.jpeg,basset-retriever-image.jpeg,basset_retriever,basset,golden_retriever
mixed_breeds/basset_retriever/thumb_image.jpeg,thumb_image.jpeg,basset_retriever,basset,golden_retriever
mixed_breeds/basset_retriever/0d28943251cb2dd1a9bee702a878da43.jpeg,0d28943251cb2dd1a9bee702a878da43.jpeg,basset_retriever,basset,golden_retriever
mixed_breeds/basset_retriever/basset-retriever-img.jpeg,basset-retriever-img.jpeg,basset_retriever,basset,golden_retriever
mixed_breeds/basset_retriever/47df1814de59f5e59b89e9ef7cd47dea.jpeg,47df1814de59f5e59b89e9ef7cd47dea.jpeg,basset_retriever,basset,golden_retriever
mixed_breeds/basset_retriever/basset-retriever-mixed-dog-breed-pictures-cover.jpeg,basset-retriever-mixed-dog-breed-pictures-cover.jpeg,basset_retriever,basset,golden_retriever
mixed_breeds/basset_retriever/1621255519_4137_Basset Retriever Photos.jpeg,1621255519_4137_Basset Retriever Photos.jpeg,basset_retriever,basset,golden_retriever
mixed_breeds/basset_retriever/517acf3d5f9436d25d45dc8a42ae0398.jpeg,517acf3d5f9436d25d45dc8a42ae0398.jpeg,basset_retriever,basset,golden_retriever
mixed_breeds/basset_retriever/BassetRetrieverAniGoldenHoundHybridDog3.jpeg,BassetRetrieverAniGoldenHoundHybridDog3.jpeg,basset_retriever,basset,golden_retriever
mixed_breeds/basset_retriever/basset-hound-and-golden-retriever-mix.jpeg,basset-hound-and-golden-retriever-mix.jpeg,basset_retriever,basset,golden_retriever
mixed_breeds/basset_retriever/de40vvkcsmh01.jpeg,de40vvkcsmh01.jpeg,basset_retriever,basset,golden_retriever
mixed_breeds/basset_retriever/2543197_500x433.jpeg,2543197_500x433.jpeg,basset_retriever,basset,golden_retriever
mixed_breeds/basset_retriever/ed2e1ef30e0f04f932a90cf70f8a6c6d.jpeg,ed2e1ef30e0f04f932a90cf70f8a6c6d.jpeg,basset_retriever,basset,golden_retriever
mixed_breeds/basset_retriever/Basset-Retriever.jpeg,Basset-Retriever.jpeg,basset_retriever,basset,golden_retriever
mixed_breeds/basset_retriever/200e11a9d6fc391b1d5bb3c7f75fd178.jpeg,200e11a9d6fc391b1d5bb3c7f75fd178.jpeg,basset_retriever,basset,golden_retriever
mixed_breeds/basset_retriever/3916539856bfb74723b3720df7a70091.jpeg,3916539856bfb74723b3720df7a70091.jpeg,basset_retriever,basset,golden_retriever
mixed_breeds/pomsky/Pomsky-in-sitting-room.jpeg,Pomsky-in-sitting-room.jpeg,pomsky,pomeranian,siberian_husky
mixed_breeds/pomsky/p1341.png,p1341.png,pomsky,pomeranian,siberian_husky
mixed_breeds/pomsky/Pomsky-6.jpeg,Pomsky-6.jpeg,pomsky,pomeranian,siberian_husky
mixed_breeds/pomsky/306a7ee9b017127f3c36d793d7cfbd6f.jpeg,306a7ee9b017127f3c36d793d7cfbd6f.jpeg,pomsky,pomeranian,siberian_husky
mixed_breeds/pomsky/pomsky_img.jpeg,pomsky_img.jpeg,pomsky,pomeranian,siberian_husky
mixed_breeds/pomsky/breed-pomsky.jpeg,breed-pomsky.jpeg,pomsky,pomeranian,siberian_husky
mixed_breeds/pomsky/pomsky-puppies-for-sale-in-ohio-637191387507744612.png,pomsky-puppies-for-sale-in-ohio-637191387507744612.png,pomsky,pomeranian,siberian_husky
mixed_breeds/pomsky/KAvik-Beach-768x1024.jpeg,KAvik-Beach-768x1024.jpeg,pomsky,pomeranian,siberian_husky
mixed_breeds/pomsky/Pomsky-Nederlands-Pomsky-Photo-1.jpeg,Pomsky-Nederlands-Pomsky-Photo-1.jpeg,pomsky,pomeranian,siberian_husky
mixed_breeds/pomsky/pomsky-puppy-picture-id476873848-1.webp,pomsky-puppy-picture-id476873848-1.webp,pomsky,pomeranian,siberian_husky
mixed_breeds/pomsky/Pomsky-dog-breed.jpeg,Pomsky-dog-breed.jpeg,pomsky,pomeranian,siberian_husky
mixed_breeds/pomsky/pomsky1.jpeg,pomsky1.jpeg,pomsky,pomeranian,siberian_husky
mixed_breeds/pomsky/pomsky-puppy-flickr-800x540.jpeg,pomsky-puppy-flickr-800x540.jpeg,pomsky,pomeranian,siberian_husky
mixed_breeds/pomsky/19665518-1877651202487939-8847474768448559934-n.jpeg,19665518-1877651202487939-8847474768448559934-n.jpeg,pomsky,pomeranian,siberian_husky
mixed_breeds/pomsky/img_pomsky.jpeg,img_pomsky.jpeg,pomsky,pomeranian,siberian_husky
mixed_breeds/pomsky/pomsky-puppies-for-sale.jpeg,pomsky-puppies-for-sale.jpeg,pomsky,pomeranian,siberian_husky
mixed_breeds/pomsky/5359463_large-resize.jpeg,5359463_large-resize.jpeg,pomsky,pomeranian,siberian_husky
mixed_breeds/pomsky/Pomsky-Puppies-e1536693275542.jpeg,Pomsky-Puppies-e1536693275542.jpeg,pomsky,pomeranian,siberian_husky
mixed_breeds/pomsky/pomeranian-husky-pomsky-dog-1.jpeg,pomeranian-husky-pomsky-dog-1.jpeg,pomsky,pomeranian,siberian_husky
mixed_breeds/pomsky/3-e1473863283138-1200x1234.jpeg,3-e1473863283138-1200x1234.jpeg,pomsky,pomeranian,siberian_husky
mixed_breeds/labradoodle/download.jpeg,download.jpeg,labradoodle,labrador_retriever,standard_poodle
mixed_breeds/labradoodle/CharlieOnSofa.jpg,CharlieOnSofa.jpg,labradoodle,labrador_retriever,standard_poodle
mixed_breeds/labradoodle/CharlieZoom.jpg,CharlieZoom.jpg,labradoodle,labrador_retriever,standard_poodle
mixed_breeds/labradoodle/20190607_200140.jpg,20190607_200140.jpg,labradoodle,labrador_retriever,standard_poodle
mixed_breeds/labradoodle/Charlie.jpg,Charlie.jpg,labradoodle,labrador_retriever,standard_poodle
mixed_breeds/labradoodle/IMG_1521.jpg,IMG_1521.jpg,labradoodle,labrador_retriever,standard_poodle
mixed_breeds/labradoodle/IMG_1520.jpg,IMG_1520.jpg,labradoodle,labrador_retriever,standard_poodle
mixed_breeds/labradoodle/side-1.jpeg,side-1.jpeg,labradoodle,labrador_retriever,standard_poodle
mixed_breeds/labradoodle/20161223_004613.jpg,20161223_004613.jpg,labradoodle,labrador_retriever,standard_poodle
mixed_breeds/labradoodle/1126597D-D2C4-4276-8457-DA6B5EFE4B10.jpeg,1126597D-D2C4-4276-8457-DA6B5EFE4B10.jpeg,labradoodle,labrador_retriever,standard_poodle
mixed_breeds/labradoodle/20161214_162218.jpg,20161214_162218.jpg,labradoodle,labrador_retriever,standard_poodle
mixed_breeds/labradoodle/2017-09-22 08.31.11.jpg,2017-09-22 08.31.11.jpg,labradoodle,labrador_retriever,standard_poodle
mixed_breeds/labradoodle/d7a6c15d-1a25-49fc-96f7-291c5e5e8522-large3x4_LabradoodlePixabay.jpeg,d7a6c15d-1a25-49fc-96f7-291c5e5e8522-large3x4_LabradoodlePixabay.jpeg,labradoodle,labrador_retriever,standard_poodle
mixed_breeds/labradoodle/charlie_small.jpg,charlie_small.jpg,labradoodle,labrador_retriever,standard_poodle
mixed_breeds/labradoodle/1c14d34867d17d1c3daa550a3eb45569.side-by-side-400x600.jpg,1c14d34867d17d1c3daa550a3eb45569.side-by-side-400x600.jpg,labradoodle,labrador_retriever,standard_poodle
mixed_breeds/labradoodle/labradoodle.jpeg,labradoodle.jpeg,labradoodle,labrador_retriever,standard_poodle
mixed_breeds/labradoodle/CharlieOnRocker.jpg,CharlieOnRocker.jpg,labradoodle,labrador_retriever,standard_poodle
mixed_breeds/labradoodle/20190207_210544.jpg,20190207_210544.jpg,labradoodle,labrador_retriever,standard_poodle
mixed_breeds/labradoodle/20170927_143906.jpg,20170927_143906.jpg,labradoodle,labrador_retriever,standard_poodle
mixed_breeds/labradoodle/20181204_084834.jpg,20181204_084834.jpg,labradoodle,labrador_retriever,standard_poodle
mixed_breeds/mal_shi/Malshipuppy.jpeg.crdownload,Malshipuppy.jpeg.crdownload,mal_shi,maltese_dog,shih-tzu
mixed_breeds/mal_shi/Clint-m1-1-600x600.jpeg,Clint-m1-1-600x600.jpeg,mal_shi,maltese_dog,shih-tzu
mixed_breeds/mal_shi/Laura-F-1-300x300.jpeg,Laura-F-1-300x300.jpeg,mal_shi,maltese_dog,shih-tzu
mixed_breeds/mal_shi/Mal-Shi1.jpeg,Mal-Shi1.jpeg,mal_shi,maltese_dog,shih-tzu
mixed_breeds/mal_shi/malshi-1.jpeg,malshi-1.jpeg,mal_shi,maltese_dog,shih-tzu
mixed_breeds/mal_shi/mal-shi.jpeg,mal-shi.jpeg,mal_shi,maltese_dog,shih-tzu
mixed_breeds/mal_shi/MalShiShihteseShihteseMaltiTzuHybridPuppyDogBraeden6Months.jpeg,MalShiShihteseShihteseMaltiTzuHybridPuppyDogBraeden6Months.jpeg,mal_shi,maltese_dog,shih-tzu
mixed_breeds/mal_shi/mal-shi-500px.jpeg,mal-shi-500px.jpeg,mal_shi,maltese_dog,shih-tzu
mixed_breeds/mal_shi/malshi-adult.jpeg,malshi-adult.jpeg,mal_shi,maltese_dog,shih-tzu
mixed_breeds/mal_shi/malshi.jpeg,malshi.jpeg,mal_shi,maltese_dog,shih-tzu
mixed_breeds/mal_shi/Malshi-dog-lays-with-lights_Lady-A-Photography_Shutterstock.jpeg,Malshi-dog-lays-with-lights_Lady-A-Photography_Shutterstock.jpeg,mal_shi,maltese_dog,shih-tzu
mixed_breeds/mal_shi/Malshi-5613.jpeg.crdownload,Malshi-5613.jpeg.crdownload,mal_shi,maltese_dog,shih-tzu
mixed_breeds/mal_shi/bfc5130497d40598fd04b27b19851855.jpeg,bfc5130497d40598fd04b27b19851855.jpeg,mal_shi,maltese_dog,shih-tzu
mixed_breeds/mal_shi/mal-shi-3.jpeg,mal-shi-3.jpeg,mal_shi,maltese_dog,shih-tzu
mixed_breeds/mal_shi/mal-shi-2.jpeg,mal-shi-2.jpeg,mal_shi,maltese_dog,shih-tzu
mixed_breeds/mal_shi/MalShiNiko8months036crop.jpeg,MalShiNiko8months036crop.jpeg,mal_shi,maltese_dog,shih-tzu
mixed_breeds/mal_shi/images_malshi.jpeg,images_malshi.jpeg,mal_shi,maltese_dog,shih-tzu
mixed_breeds/mal_shi/IMG_6694-300x225.jpeg,IMG_6694-300x225.jpeg,mal_shi,maltese_dog,shih-tzu
mixed_breeds/mal_shi/malshi-3.jpeg,malshi-3.jpeg,mal_shi,maltese_dog,shih-tzu
mixed_breeds/mal_shi/Mal-Shi.webp,Mal-Shi.webp,mal_shi,maltese_dog,shih-tzu
mixed_breeds/reagle/Reagle-Dog-1.jpeg,Reagle-Dog-1.jpeg,reagle,rottweiler,beagle
mixed_breeds/reagle/reagle_profile_350x400.jpeg,reagle_profile_350x400.jpeg,reagle,rottweiler,beagle
mixed_breeds/reagle/Reagle.jpeg,Reagle.jpeg,reagle,rottweiler,beagle
mixed_breeds/reagle/tumblr_61bc2f1abb84c334ccff284b97e1e897_234aa370_500.jpeg,tumblr_61bc2f1abb84c334ccff284b97e1e897_234aa370_500.jpeg,reagle,rottweiler,beagle
mixed_breeds/reagle/Reagle-Puppy-Pictures.jpeg,Reagle-Puppy-Pictures.jpeg,reagle,rottweiler,beagle
mixed_breeds/reagle/88661229.jpeg,88661229.jpeg,reagle,rottweiler,beagle
mixed_breeds/reagle/DMPe0JmNuVe1yWg-9kQM-7g-sAjtYBSCYaRSXCOwSZ8.jpeg,DMPe0JmNuVe1yWg-9kQM-7g-sAjtYBSCYaRSXCOwSZ8.jpeg,reagle,rottweiler,beagle
mixed_breeds/reagle/Reagle-dog-outside.jpeg,Reagle-dog-outside.jpeg,reagle,rottweiler,beagle
mixed_breeds/reagle/ReagleRottweilerBeagleMixedBreedDogAtariPuppy4Months1.jpeg,ReagleRottweilerBeagleMixedBreedDogAtariPuppy4Months1.jpeg,reagle,rottweiler,beagle
mixed_breeds/reagle/Reagle-dog.jpeg,Reagle-dog.jpeg,reagle,rottweiler,beagle
mixed_breeds/reagle/2566941785_16d42ef9df_b.jpeg,2566941785_16d42ef9df_b.jpeg,reagle,rottweiler,beagle
mixed_breeds/reagle/ReagleBeagleRottweilerMixBreedDogRoxie4YearsOld.jpeg,ReagleBeagleRottweilerMixBreedDogRoxie4YearsOld.jpeg,reagle,rottweiler,beagle
mixed_breeds/reagle/reagle_img.jpg,reagle_img.jpg,reagle,rottweiler,beagle
mixed_breeds/reagle/85e522a2bb61020010e2467582919bed.jpeg,85e522a2bb61020010e2467582919bed.jpeg,reagle,rottweiler,beagle
mixed_breeds/reagle/ReagleRottweilerBeagleMixedBreedDogAtariPuppy4Months2.jpeg,ReagleRottweilerBeagleMixedBreedDogAtariPuppy4Months2.jpeg,reagle,rottweiler,beagle
mixed_breeds/reagle/1358350432_Puppie-of--Reagle.jpeg,1358350432_Puppie-of--Reagle.jpeg,reagle,rottweiler,beagle
mixed_breeds/reagle/2eede4c8c0acd68c30c980c47df85df4.jpeg,2eede4c8c0acd68c30c980c47df85df4.jpeg,reagle,rottweiler,beagle
mixed_breeds/reagle/ReagleRottweilerBeagleMixedBreedDogAtari6MonthsOld.jpeg,ReagleRottweilerBeagleMixedBreedDogAtari6MonthsOld.jpeg,reagle,rottweiler,beagle
mixed_breeds/reagle/a21f622f1bed581c8b003728aac5fa16.jpeg,a21f622f1bed581c8b003728aac5fa16.jpeg,reagle,rottweiler,beagle
mixed_breeds/reagle/d4556f59ea610e27f2eda26d2193bf3f.jpeg,d4556f59ea610e27f2eda26d2193bf3f.jpeg,reagle,rottweiler,beagle
mixed_breeds/mini_saint_bernard/MiniSaintBernardPuppy3MonthsDakotaWindsRanchMulan1.jpeg,MiniSaintBernardPuppy3MonthsDakotaWindsRanchMulan1.jpeg,mini_saint_bernard,saint_bernard,cocker_spaniel
mixed_breeds/mini_saint_bernard/MiniSaintBernardDakotaWindsRanchCockerSaintBernardHybridDogJohnny.jpeg,MiniSaintBernardDakotaWindsRanchCockerSaintBernardHybridDogJohnny.jpeg,mini_saint_bernard,saint_bernard,cocker_spaniel
mixed_breeds/mini_saint_bernard/1596506_500x611.jpeg,1596506_500x611.jpeg,mini_saint_bernard,saint_bernard,cocker_spaniel
mixed_breeds/mini_saint_bernard/Mini-St-Bernard-HP-tall.jpeg,Mini-St-Bernard-HP-tall.jpeg,mini_saint_bernard,saint_bernard,cocker_spaniel
mixed_breeds/mini_saint_bernard/Mini-St-Bernard-DN-long.jpeg,Mini-St-Bernard-DN-long.jpeg,mini_saint_bernard,saint_bernard,cocker_spaniel
mixed_breeds/mini_saint_bernard/5fa8ddb0974c9f885ba9f0e66c977acc.jpeg,5fa8ddb0974c9f885ba9f0e66c977acc.jpeg,mini_saint_bernard,saint_bernard,cocker_spaniel
mixed_breeds/mini_saint_bernard/mini_st_bernard.jpeg,mini_st_bernard.jpeg,mini_saint_bernard,saint_bernard,cocker_spaniel
mixed_breeds/mini_saint_bernard/dog-2197653_1280.jpeg,dog-2197653_1280.jpeg,mini_saint_bernard,saint_bernard,cocker_spaniel
mixed_breeds/mini_saint_bernard/nehi-saint-bernard_medium.jpeg,nehi-saint-bernard_medium.jpeg,mini_saint_bernard,saint_bernard,cocker_spaniel
mixed_breeds/mini_saint_bernard/MiniSaintBernardDakotaWindsRanchCockerSaintBernardHybridDogCooperSaint.jpeg,MiniSaintBernardDakotaWindsRanchCockerSaintBernardHybridDogCooperSaint.jpeg,mini_saint_bernard,saint_bernard,cocker_spaniel
mixed_breeds/mini_saint_bernard/Mini_st_bernard_on_the_beach.jpeg,Mini_st_bernard_on_the_beach.jpeg,mini_saint_bernard,saint_bernard,cocker_spaniel
mixed_breeds/mini_saint_bernard/nehi_saint_bernard.jpeg,nehi_saint_bernard.jpeg,mini_saint_bernard,saint_bernard,cocker_spaniel
mixed_breeds/mini_saint_bernard/6709c8a0e64f03d3abc6b48b2980721e.jpeg,6709c8a0e64f03d3abc6b48b2980721e.jpeg,mini_saint_bernard,saint_bernard,cocker_spaniel
mixed_breeds/mini_saint_bernard/Mini-St-Bernard-HP-long.jpeg,Mini-St-Bernard-HP-long.jpeg,mini_saint_bernard,saint_bernard,cocker_spaniel
mixed_breeds/mini_saint_bernard/mini-saint-bernards-americanlisted_45232379.jpeg,mini-saint-bernards-americanlisted_45232379.jpeg,mini_saint_bernard,saint_bernard,cocker_spaniel
mixed_breeds/mini_saint_bernard/2399172_500x387.jpeg,2399172_500x387.jpeg,mini_saint_bernard,saint_bernard,cocker_spaniel
mixed_breeds/mini_saint_bernard/mini-st-bernard1.jpeg,mini-st-bernard1.jpeg,mini_saint_bernard,saint_bernard,cocker_spaniel
mixed_breeds/mini_saint_bernard/MiniSaintBernardDakotaWindsRanchCockerSaintBernardHybridDog1.jpeg,MiniSaintBernardDakotaWindsRanchCockerSaintBernardHybridDog1.jpeg,mini_saint_bernard,saint_bernard,cocker_spaniel
mixed_breeds/mini_saint_bernard/mini_saint_bernard.jpeg,mini_saint_bernard.jpeg,mini_saint_bernard,saint_bernard,cocker_spaniel
mixed_breeds/mini_saint_bernard/751659fb2d2019db050a7064f141ea3d.jpeg,751659fb2d2019db050a7064f141ea3d.jpeg,mini_saint_bernard,saint_bernard,cocker_spaniel
